deputado_id,deputado_nome,deputado_partido,deputado_uf,total_gasto
73486,Pompeo de Mattos,PDT,RS,2171756.13
220538,Albuquerque,REPUBLICANOS,RR,2067636.28
220590,Coronel Ulysses,UNIÃO,AC,2016100.81
224117,Gabriel Mota,UNIÃO,RR,2015650.28
160591,Vinicius Gurgel,PL,AP,2002973.04
204426,Carlos Veras,PT,PE,2001681.34
204473,General Girão,PL,RN,1987806.11
141459,João Maia,PP,RN,1984577.48
74090,Átila Lins,PSD,AM,1976426.25
204360,Silvia Cristina,PP,RO,1975790.82
204388,Bibo Nunes,PL,RS,1964566.84
220536,Zé Haroldo Cathedral,UNIÃO,RR,1961762.41
220537,Helena Lima,PSD,RR,1947809.40
204406,Pedro Westphalen,PP,RS,1945757.46
191923,Flávio Nogueira,PT,PI,1942523.23
204479,Nicoletti,PL,RR,1936664.35
141408,Cleber Verde,MDB,MA,1928046.79
74374,Geraldo Resende,UNIÃO,MS,1926381.73
220608,Cristiane Lopes,PODE,RO,1919026.51
204423,André Ferreira,PL,PE,1917921.37
220539,Defensor Stélio Dener,UNIÃO,RR,1910414.03
178997,Moses Rodrigues,UNIÃO,CE,1907084.27
220591,Meire Serafim,UNIÃO,AC,1905772.24
188097,Merlong Solano,PT,PI,1905143.84
178908,Delegado Éder Mauro,PL,PA,1898018.87
204453,Natália Bonavides,PT,RN,1889886.16
220551,Franciane Bayer,REPUBLICANOS,RS,1888834.08
220610,Dr. Fernando Máximo,PL,RO,1886754.95
178954,Lucio Mosquini,PL,RO,1885154.56
220546,Rodolfo Nogueira,PL,MS,1880757.56
204358,Beto Pereira,REPUBLICANOS,MS,1879741.09
204431,Marcos Aurélio Sampaio,MDB,PI,1873805.72
220574,Cabo Gilberto Silva,PL,PB,1873787.24
178964,Heitor Schuch,PSD,RS,1873052.84
178866,Luizianne Lins,REDE,CE,1869764.18
204557,Sidney Leite,PSD,AM,1868396.48
160674,Hugo Motta,REPUBLICANOS,PB,1867702.36
91228,Waldemar Oliveira,AVANTE,PE,1867340.81
220662,Lucas Ramos,PSB,PE,1866157.80
178835,Afonso Motta,PDT,RS,1864170.09
74060,Daniel Almeida,PCdoB,BA,1860644.73
143632,Domingos Neto,PSD,CE,1859115.97
220677,Keniston Braga,MDB,PA,1858304.43
204379,Acácio Favacho,MDB,AP,1855777.41
81055,Márcio Jerry,PCdoB,MA,1855525.72
204378,Coronel Chrisóstomo,PL,RO,1853560.99
141411,Dagoberto Nogueira,PP,MS,1853040.54
160538,Bohn Gass,PT,RS,1852579.35
123756,Antônia Lúcia,MDB,AC,1848109.24
220578,Josenildo,PDT,AP,1847951.82
204498,Olival Marques,PODE,PA,1846388.66
220688,Dr. Francisco,PT,PI,1846142.45
220708,Gabriel Nunes,PSD,BA,1842996.31
136811,Afonso Hamm,PP,RS,1840112.02
220714,Adail Filho,MDB,AM,1839346.29
74398,Maria do Rosário,PT,RS,1838751.62
209189,Joseildo Ramos,PT,BA,1838484.42
220544,Antonio Andrade,PSDB,TO,1838376.59
74044,Wilson Santiago,REPUBLICANOS,PB,1836212.92
220584,Murilo Galdino,REPUBLICANOS,PB,1834070.70
160559,Alceu Moreira,MDB,RS,1829833.05
74041,Luiz Couto,PT,PB,1829605.16
220592,Zezinho Barbary,PP,AC,1827395.04
141421,Eduardo da Fonte,PP,PE,1826505.93
160673,Giovani Cherini,PL,RS,1825907.69
220581,Luciano Amaral,PSD,AL,1824535.81
220589,Eduardo Velloso,SOLIDARIEDADE,AC,1824100.50
220558,Zé Trovão,PL,SC,1823013.16
160665,Augusto Coutinho,REPUBLICANOS,PE,1822003.80
220553,Denise Pessôa,PT,RS,1814819.00
178929,Diego Garcia,UNIÃO,PR,1813601.36
62881,Danilo Forte,PP,CE,1813251.24
178829,Capitão Augusto,PL,SP,1813005.23
204396,Vermelho,PL,PR,1812821.69
220542,Alexandre Guimarães,MDB,TO,1812028.88
74043,Wellington Roberto,PSD,PB,1810447.75
73692,Osmar Terra,PL,RS,1807757.43
178934,Toninho Wandscheer,PP,PR,1805603.99
220666,Coronel Meira,PL,PE,1803845.44
178887,Rubens Pereira Júnior,PT,MA,1803347.49
220672,Henderson Pinto,UNIÃO,PA,1802192.19
180214,Pastor Diniz,UNIÃO,RR,1799152.89
122974,Pedro Lucas Fernandes,UNIÃO,MA,1795861.19
220685,Paulo Litro,UNIÃO,PR,1791702.74
141485,Luiz Carlos Busato,UNIÃO,RS,1790557.79
220561,Delegada Katarina,PSD,SE,1788423.75
220548,Camila Jara,PT,MS,1788171.30
160635,Ruy Carneiro,PODE,PB,1787740.57
220573,Dorinaldo Malafaia,PDT,AP,1787470.71
109429,Benes Leocádio,UNIÃO,RN,1786561.15
220658,Luiz Gastão,PSD,CE,1786557.96
178963,Covatti Filho,PP,RS,1785390.29
69871,Bacelar,PV,BA,1783947.92
204409,Daniel Trzeciak,PSDB,RS,1783775.79
74454,Eunício Oliveira,MDB,CE,1781221.46
204408,Gustinho Ribeiro,PP,SE,1778891.72
73768,Dilceu Sperafico,PP,PR,1778217.36
104552,Socorro Neri,PP,AC,1777495.96
220540,Duda Ramos,PODE,RR,1776660.43
141470,José Guimarães,PT,CE,1775715.39
74376,Vander Loubet,PT,MS,1774594.99
204481,Dr. Jaziel,PL,CE,1773991.23
178843,Marx Beltrão,UNIÃO,AL,1773656.34
204504,Cezinha de Madureira,PL,SP,1773421.86
204416,Sanderson,PL,RS,1772965.23
220555,Daiana Santos,PCdoB,RS,1772848.29
220671,Dilvanda Faro,PT,PA,1769654.02
160553,Antonio Brito,PSD,BA,1769110.26
220597,Thiago Flores,UNIÃO,RO,1768838.29
220588,Roberto Duarte,REPUBLICANOS,AC,1765388.59
92699,Fernando Monteiro,PSD,PE,1764784.84
160600,Arthur Oliveira Maia,UNIÃO,BA,1762118.53
204534,Tabata Amaral,PSB,SP,1761964.45
220669,Lula da Fonte,PP,PE,1761781.77
88256,Clodoaldo Magalhães,PV,PE,1759284.17
178927,Aliel Machado,PV,PR,1755890.38
153423,Renilce Nicodemos,MDB,PA,1753789.66
220675,Antônio Doido,MDB,PA,1752556.50
139285,Lídice da Mata,PSB,BA,1750957.87
204472,José Medeiros,PL,MT,1749568.78
74356,Silas Câmara,REPUBLICANOS,AM,1749035.27
220557,Daniela Reinehr,PL,SC,1748992.45
162067,Kiko Celeguim,PT,SP,1746970.01
160517,Paulo Folletto,PSB,ES,1744666.17
178860,Paulo Azi,UNIÃO,BA,1743911.13
204567,Raimundo Costa,PSD,BA,1743650.92
204486,Mauro Benevides Filho,UNIÃO,CE,1741597.97
220609,Maurício Carvalho,UNIÃO,RO,1741529.89
220697,Jadyel Alencar,REPUBLICANOS,PI,1736857.77
220703,Neto Carletto,AVANTE,BA,1734854.10
220663,Eriberto Medeiros,PSB,PE,1732985.00
141398,Carlos Zarattini,PT,SP,1732671.60
220633,Ricardo Salles,NOVO,SP,1732284.95
220701,Delegado Matheus Laiola,UNIÃO,PR,1732223.36
204495,Airton Faleiro,PT,PA,1732152.50
178992,Vitor Lippi,PSD,SP,1730177.55
160569,Waldenor Pereira,PT,BA,1728130.88
133439,André Figueiredo,PDT,CE,1728075.66
74057,Alice Portugal,PCdoB,BA,1727950.80
220640,Juliana Cardoso,PT,SP,1725594.38
74383,Giacobo,PSD,PR,1724821.76
204367,Daniel Freitas,PL,SC,1722628.12
178993,Carlos Henrique Gaguim,UNIÃO,TO,1721823.62
220684,Tião Medeiros,PP,PR,1720782.19
220556,Ana Paula Lima,PT,SC,1720351.31
74159,Odair Cunha,PT,MG,1719272.44
74317,Júlio Cesar,PSD,PI,1718310.47
141464,José Airton Félix Cirilo,PT,CE,1715631.57
220664,Guilherme Uchoa,PSD,PE,1715483.16
162332,Luiz Nishimori,PSD,PR,1715046.23
220693,Roberta Roma,PL,BA,1713544.27
92776,Stefano Aguiar,PSD,MG,1711238.03
204488,Célio Studart,PSD,CE,1711177.58
123086,Átila Lira,PP,PI,1709264.07
178933,Sergio Souza,MDB,PR,1708291.18
220583,Delegado Fabio Costa,PP,AL,1707218.65
210989,Bruno Farias,REPUBLICANOS,MG,1706668.11
204356,Amaro Neto,PP,ES,1706616.91
204427,Fernando Rodolfo,PRD,PE,1706091.81
220695,Rogéria Santos,REPUBLICANOS,BA,1704209.32
178857,Jorge Solla,PT,BA,1704174.91
220612,Bebeto,PP,RJ,1703653.00
160548,Jonas Donizette,PSB,SP,1702288.40
220692,Dal Barreto,UNIÃO,BA,1701004.86
178871,Evair Vieira de Melo,REPUBLICANOS,ES,1700302.25
92102,Leur Lomanto Júnior,UNIÃO,BA,1699499.75
204512,Delegado Marcelo Freitas,UNIÃO,MG,1699499.09
220696,Ivoneide Caetano,PT,BA,1699085.51
220529,Gilson Daniel,PODE,ES,1698698.41
204351,Dr. Luiz Ovando,PP,MS,1698436.88
220656,Fernanda Pessoa,PSD,CE,1696167.70
74428,Mendonça Filho,PL,PE,1695535.62
74467,Damião Feliciano,UNIÃO,PB,1694163.07
160758,Domingos Sávio,PL,MG,1693703.55
204457,Juninho do Pneu,PSDB,RJ,1691590.79
160642,Pastor Eurico,PSDB,PE,1691284.31
220599,Marcelo Crivella,REPUBLICANOS,RJ,1691237.69
204518,Dr. Frederico,PL,MG,1687899.97
160610,Valmir Assunção,PT,BA,1686572.63
220543,Ricardo Ayres,REPUBLICANOS,TO,1686040.68
220624,Robinson Faria,PP,RN,1684386.43
150418,Márcio Marinho,REPUBLICANOS,BA,1683127.46
220586,Rafael Brito,MDB,AL,1680679.94
220668,Maria Arraes,PSB,PE,1679228.73
74156,Leonardo Monteiro,PT,MG,1677734.11
178895,Misael Varella,PSD,MG,1677487.81
220690,Capitão Alden,PL,BA,1677123.11
160601,Pr. Marco Feliciano,PL,SP,1676162.53
220559,Julia Zanatta,PL,SC,1676076.69
220699,Castro Neto,MDB,PI,1672868.64
80815,Leo Prates,REPUBLICANOS,BA,1672511.77
220626,Rafael Simoes,UNIÃO,MG,1670806.47
204445,Fernando Mineiro,PT,RN,1669261.14
74371,Rubens Otoni,PT,GO,1668944.66
178858,Mário Negromonte Jr.,PSB,BA,1664367.51
220545,Filipe Martins,PL,TO,1663898.66
220620,Rosângela Reis,PL,MG,1662615.81
204501,Alencar Santana,PT,SP,1661752.94
220547,Marcos Pollon,PL,MS,1660036.37
220603,Dani Cunha,PL,RJ,1659318.79
66828,Fausto Pinato,UNIÃO,SP,1659045.90
220615,Pastor Henrique Vieira,PSOL,RJ,1655748.54
204480,Rogério Correia,PT,MG,1654476.19
220530,Messias Donato,UNIÃO,ES,1651603.02
220607,Max Lemos,UNIÃO,RJ,1651068.16
204410,Luisa Canziani,UNIÃO,PR,1650547.47
66385,Julio Arcoverde,PP,PI,1649631.69
74270,Gilberto Nascimento,PODE,SP,1649046.75
204368,Fabio Schiochet,UNIÃO,SC,1648784.91
178986,Nilto Tatto,PT,SP,1648611.53
220582,Daniel Barbosa,PP,AL,1648540.70
220628,Mauricio do Vôlei,PL,MG,1648478.33
160527,Aguinaldo Ribeiro,PP,PB,1647066.13
141456,Jilmar Tatto,PT,SP,1644573.39
215043,Josivaldo JP,UNIÃO,MA,1644476.99
220648,Marangoni,PODE,SP,1643981.93
204398,Felipe Francischini,PODE,PR,1642757.58
160592,Zeca Dirceu,PT,PR,1642717.53
160556,Padre João,PT,MG,1642282.12
220631,Samuel Viana,UNIÃO,MG,1641354.56
220606,Reimont,PT,RJ,1639620.87
221328,Adilson Barroso,PL,SP,1638004.07
204508,Igor Timo,UNIÃO,MG,1637053.03
220667,Pedro Campos,PSB,PE,1635566.00
121948,Adriano do Baldy,PP,GO,1634311.57
204506,Marcos Pereira,REPUBLICANOS,SP,1634292.86
220670,Iza Arruda,MDB,PE,1633391.01
179000,Marcelo Álvaro Antônio,PL,MG,1633361.08
220651,Simone Marquetto,PP,SP,1632781.92
74171,Chico Alencar,PSOL,RJ,1632005.37
204511,David Soares,PODE,SP,1631899.81
220594,Coronel Assis,PL,MT,1630487.76
204355,Da Vitoria,PP,ES,1629568.63
160632,Zé Silva,UNIÃO,MG,1629411.21
220528,Dr. Victor Linhalis,PSB,ES,1628806.93
204391,José Nelto,UNIÃO,GO,1628308.78
178970,João Daniel,PT,SE,1628176.42
178931,Luciano Ducci,PSB,PR,1626220.33
74550,João Leão,PP,BA,1623888.06
178987,Orlando Silva,PCdoB,SP,1621111.19
220704,Carol Dartora,PT,PR,1621033.75
160666,Félix Mendonça Júnior,PDT,BA,1619477.98
220682,Tadeu Veneri,PT,PR,1618983.86
220554,Alexandre Lindenmeyer,PT,RS,1618828.23
204390,Professor Alcides,PSDB,GO,1618694.77
179001,Márcio Biolchi,MDB,RS,1618541.02
220572,Marussa Boldrin,REPUBLICANOS,GO,1616861.22
205476,Charles Fernandes,PSD,BA,1615447.62
74084,Raimundo Santos,PSD,PA,1614327.96
220550,Mauricio Marcon,PL,RS,1613138.02
220625,Delegada Ione,PL,MG,1612197.81
74273,Jefferson Campos,PL,SP,1611718.67
220694,Ricardo Maia,MDB,BA,1609106.74
204540,Maria Rosas,REPUBLICANOS,SP,1606768.74
204492,Paulo Guedes,PT,MG,1605841.93
221148,Alfredinho,PT,SP,1605432.90
204517,Zé Vitor,PL,MG,1604456.09
160629,Romero Rodrigues,PODE,PB,1603679.41
220632,Ana Pimentel,PT,MG,1603440.33
204395,Pedro Lupion,REPUBLICANOS,PR,1602954.81
204455,Luiz Lima,NOVO,RJ,1599634.21
204411,Filipe Barros,PL,PR,1598492.29
74262,Carlos Sampaio,PSD,SP,1596174.04
220560,Thiago de Joaldo,REPUBLICANOS,SE,1594888.68
74253,Julio Lopes,PP,RJ,1590957.29
220595,Coronel Fernanda,PL,MT,1590508.76
107970,Ana Paula Leão,PP,MG,1589612.57
220617,Murillo Gouvea,PSDB,RJ,1584021.48
220649,Delegado da Cunha,UNIÃO,SP,1582404.49
74856,Laura Carneiro,PSD,RJ,1581387.16
220647,Mauricio Neves,PP,SP,1580915.51
220570,Dr. Ismael Alexandrino,PSD,GO,1580749.02
220652,Delegado Palumbo,PODE,SP,1578094.77
74585,Lincoln Portela,PL,MG,1577888.38
198783,Emanuel Pinheiro Neto,PSD,MT,1577872.85
98057,Lafayette de Andrada,PL,MG,1576679.26
206018,Célia Xakriabá,PSOL,MG,1574097.81
204566,Marreca Filho,PRD,MA,1573773.16
74537,Claudio Cajado,PP,BA,1572023.61
74160,Patrus Ananias,PT,MG,1571860.85
220700,Florentino Neto,PT,PI,1571827.75
204574,Junior Lourenço,MDB,MA,1568266.12
160518,Weliton Prado,PSD,MG,1565495.53
160535,Marcon,PT,RS,1565403.53
166402,Magda Mofatto,PL,GO,1564609.16
160588,Diego Andrade,PSD,MG,1562881.33
220659,Dayany Bittencourt,UNIÃO,CE,1562341.51
224333,Welter,PT,PR,1561440.06
204364,Eli Borges,REPUBLICANOS,TO,1558690.09
204550,Júnior Mano,PSB,CE,1556996.17
178947,Sóstenes Cavalcante,PL,RJ,1555183.19
204491,Gilberto Abramo,REPUBLICANOS,MG,1552099.55
205865,Reinhold Stephanes,PL,PR,1549519.85
141391,Arnaldo Jardim,CIDADANIA,SP,1549094.68
204525,Rosana Valle,PL,SP,1547402.90
141531,Rodrigo de Castro,UNIÃO,MG,1545191.11
161550,Emidinho Madeira,PL,MG,1544823.83
74574,Paulo Magalhães,PSD,BA,1543924.48
204407,Fernanda Melchionna,PSOL,RS,1543072.65
178910,Joaquim Passarinho,PL,PA,1543036.65
205550,Jorge Braz,REPUBLICANOS,RJ,1542123.43
220527,Jack Rocha,PT,ES,1541767.45
178989,Renata Abreu,PODE,SP,1541650.78
178881,Aluisio Mendes,REPUBLICANOS,MA,1540776.56
204441,Otoni de Paula,PSD,RJ,1540256.56
222429,Luis Carlos Gomes,REPUBLICANOS,RJ,1527930.69
171617,Paulão,PT,AL,1527651.77
220683,Beto Richa,PSDB,PR,1526369.12
220635,Bruno Ganem,PODE,SP,1523231.48
74141,Josias Gomes,PT,BA,1520997.78
160604,Pedro Uczai,PT,SC,1519021.95
220641,Rodrigo Gambale,PODE,SP,1517956.33
160599,Dimas Fabiano,PP,MG,1516073.17
204412,Dr. Zacharias Calil,MDB,GO,1515486.37
157130,Túlio Gadêlha,PSD,PE,1514821.31
220674,Dra. Alessandra Haber,PODE,PA,1514222.50
220611,General Pazuello,PL,RJ,1510186.33
73433,Arlindo Chinaglia,PT,SP,1509349.01
122158,Pedro Paulo,PSD,RJ,1509043.05
220655,Mario Frias,PL,SP,1505630.01
204560,Adolfo Viana,PSDB,BA,1503397.61
204563,Josimar Maranhãozinho,PL,MA,1503115.53
220706,Padovani,PP,PR,1502421.08
98148,Cobalchini,MDB,SC,1497898.44
204394,Gervásio Maia,PCdoB,PB,1497766.60
220654,Delegado Paulo Bilynskyj,PL,SP,1497292.03
220622,Nely Aquino,PODE,MG,1495112.82
220702,Geraldo Mendes,UNIÃO,PR,1492015.45
220613,Roberto Monteiro Pai,PL,RJ,1490058.48
165470,Rodrigo Valadares,PL,SE,1489962.83
204559,Zé Neto,PT,BA,1489945.42
178876,Célio Silveira,MDB,GO,1487383.29
220580,Professora Goreth,PDT,AP,1486660.32
171786,Miguel Ângelo,PT,MG,1486002.71
220707,Amanda Gentil,PP,MA,1485520.97
220600,Lebrão,UNIÃO,RO,1484839.30
220691,Diego Coronel,REPUBLICANOS,BA,1483120.38
204570,Pastor Gil,PL,MA,1482042.89
178854,Elmar Nascimento,UNIÃO,BA,1481989.14
98615,Ismael,PL,SC,1481273.41
220618,Sargento Portugal,PODE,RJ,1478850.32
220564,Yandra Moura,UNIÃO,SE,1478153.17
204460,Carlos Jordy,PL,RJ,1477426.55
141555,Vinicius Carvalho,PL,SP,1476985.59
220567,Jeferson Rodrigues,PSDB,GO,1476683.09
160558,Paulo Freire Costa,PL,SP,1476586.03
220575,Sonize Barbosa,PL,AP,1476152.56
141487,Luiz Fernando Faria,UNIÃO,MG,1475124.27
74646,Aécio Neves,PSDB,MG,1473575.42
220579,Silvia Waiãpi,PL,AP,1472791.83
220566,Lêda Borges,REPUBLICANOS,GO,1472558.79
74554,José Rocha,UNIÃO,BA,1471556.62
204419,Glaustin da Fokus,PODE,GO,1469210.33
141431,Fernando Coelho Filho,UNIÃO,PE,1468921.48
72442,Felipe Carreras,PSB,PE,1465526.44
204535,Sâmia Bomfim,PSOL,SP,1459314.98
220563,Icaro de Valmir,REPUBLICANOS,SE,1458684.33
73579,Alberto Fraga,PL,DF,1458180.07
160512,Aureo Ribeiro,SOLIDARIEDADE,RJ,1457487.64
220689,Detinha,PL,MA,1456289.93
141516,Paulo Abi-Ackel,PSDB,MG,1452027.00
178943,Marcos Soares,PSDB,RJ,1451530.27
160598,Flávia Morais,MDB,GO,1451480.11
220598,Tarcísio Motta,PSOL,RJ,1449997.87
220687,Márcio Honaiser,SOLIDARIEDADE,MA,1447650.35
220576,Alfredo Gaspar,PL,AL,1446135.88
74158,Mário Heringer,PDT,MG,1441306.68
223128,Rodrigo Estacho,PSD,PR,1439474.62
160575,Erika Kokay,PT,DF,1437256.44
73701,Benedita da Silva,PT,RJ,1434645.07
74161,Reginaldo Lopes,PT,MG,1431989.71
74784,Luiza Erundina,PSOL,SP,1430364.68
204524,Pinheirinho,PP,MG,1430002.79
204515,André Janones,REDE,MG,1426181.06
204456,Gutemberg Reis,MDB,RJ,1425504.70
220629,Dandara,PT,MG,1423417.89
220585,Mersinho Lucena,PSD,PB,1421168.75
204404,Lucas Redecker,PSD,RS,1421055.82
220577,Augusto Puppio,MDB,AP,1419682.95
74283,Vicentinho,PT,SP,1417420.09
141458,João Carlos Bacelar,PL,BA,1416507.82
204526,Luiz Philippe de Orleans e Bragança,PL,SP,1416321.97
73604,Rui Falcão,PT,SP,1415939.89
204464,Talíria Petrone,PSOL,RJ,1412760.89
220605,Bandeira de Mello,PV,RJ,1412394.86
220602,Dimas Gadelha,PT,RJ,1410443.41
204494,Fred Costa,PRD,MG,1409320.03
220621,Sargento Gonçalves,PL,RN,1408626.88
220661,Matheus Noronha,PL,CE,1405822.17
220623,Duda Salabert,PSOL,MG,1405242.33
204572,Capitão Alberto Neto,PL,AM,1402138.85
220630,Pedro Aihara,PP,MG,1401433.12
160640,Eros Biondini,PL,MG,1401215.83
214694,Jorge Goetten,REPUBLICANOS,SC,1400782.51
220676,Andreia Siqueira,PSB,PA,1400617.01
74848,Jandira Feghali,PCdoB,RJ,1387248.80
220565,Delegada Adriana Accorsi,PT,GO,1387053.58
204573,Otto Alencar Filho,PSD,BA,1386581.98
73531,Ivan Valente,PSOL,SP,1378487.61
73801,Renildo Calheiros,PCdoB,PE,1378290.51
160976,Tiririca,PSD,SP,1377231.94
204374,Bia Kicis,PL,DF,1376643.69
220534,Fred Linhares,REPUBLICANOS,DF,1373116.96
220604,Marcos Tavares,PDT,RJ,1372531.65
220532,Rafael Prudente,MDB,DF,1369455.69
141480,Lázaro Botelho,PP,TO,1369042.18
160161,Marcelo Queiroz,PSDB,RJ,1367186.85
220681,Fábio Macedo,PODE,MA,1364053.73
178966,Geovania de Sá,REPUBLICANOS,SC,1360421.43
218086,Ely Santos,REPUBLICANOS,SP,1357640.81
220665,Clarissa Tércio,PP,PE,1353784.34
204571,Alex Santana,REPUBLICANOS,BA,1353670.21
220616,Luciano Vieira,PSDB,RJ,1353207.35
198197,Greyce Elias,PL,MG,1345598.85
178896,Newton Cardoso Jr,MDB,MG,1345245.68
220686,Duarte Jr.,AVANTE,MA,1335330.05
220645,Erika Hilton,PSOL,SP,1333970.40
220660,Yury do Paredão,MDB,CE,1328492.04
220526,Gilvan da Federal,PL,ES,1323607.60
204539,Hercílio Coelho Diniz,MDB,MG,1320195.22
73778,Luiz Carlos Hauly,PODE,PR,1319657.73
204474,Juarez Costa,REPUBLICANOS,MT,1318366.70
178937,Altineu Côrtes,PL,RJ,1307339.06
226708,Allan Garcês,PP,MA,1302604.62
220569,Silvye Alves,UNIÃO,GO,1299092.92
204422,Ossesio Silva,REPUBLICANOS,PE,1298114.06
220638,Antonio Carlos Rodrigues,PODE,SP,1293006.40
178873,Helder Salomão,PT,ES,1272810.76
220712,Fausto Jr.,UNIÃO,AM,1264414.25
226837,Saulo Pedroso,PSD,SP,1264002.05
74478,Luciano Bivar,MDB,PE,1262673.08
204462,Chris Tonietto,PL,RJ,1232027.65
204507,Carla Zambelli,PL,SP,1228875.16
152605,Glauber Braga,PSOL,RJ,1222151.78
221338,Professora Luciene Cavalcante,PSOL,SP,1221665.94
220644,Rosangela Moro,PL,SP,1220312.29
161440,Pezenti,MDB,SC,1219836.56
220533,Prof. Reginaldo Veras,PV,DF,1218268.42
220639,Guilherme Boulos,PSOL,SP,1211737.28
220713,Saullo Vianna,MDB,AM,1210794.05
204485,Luiz Carlos Motta,PL,SP,1196810.63
220552,Zucco,PL,RS,1185973.87
160510,Luis Tibé,AVANTE,MG,1183329.15
138286,Luciano Alves,PSD,PR,1172127.70
74858,Lindbergh Farias,PT,RJ,1170834.98
209787,Nikolas Ferreira,PL,MG,1169772.68
178975,Baleia Rossi,MDB,SP,1155786.43
178972,Alex Manente,CIDADANIA,SP,1145699.36
107283,Gleisi Hoffmann,PT,PR,1138349.56
220646,Felipe Becari,PODE,SP,1134600.26
178985,Miguel Lombardi,PL,SP,1134055.40
226179,Gisela Simona,UNIÃO,MT,1130117.75
204497,Júnior Ferrari,PSD,PA,1125118.01
204444,Helio Lopes,PL,RJ,1122445.65
163321,Ronaldo Nogueira,REPUBLICANOS,RS,1119752.52
204436,Isnaldo Bulhões Jr.,MDB,AL,1116928.56
221378,Reginete Bispo,PT,RS,1115453.49
220568,Gustavo Gayer,PL,GO,1113860.08
74299,Leônidas Cristino,PDT,CE,1111907.57
220587,Gerlen Diniz,PP,AC,1107082.05
204549,AJ Albuquerque,PP,CE,1106638.63
220619,Delegado Ramagem,PL,RJ,1101562.70
137070,Vicentinho Júnior,PSDB,TO,1101469.16
204482,Euclydes Pettersen,REPUBLICANOS,MG,1085977.24
220531,Gilvan Maximo,REPUBLICANOS,DF,1083952.43
219585,Marco Brasil,PP,PR,1057690.06
204449,Nelson Barbudo,PODE,MT,1057515.04
221339,Dr. Benjamim,UNIÃO,MA,1057264.32
204372,Julio Cesar Ribeiro,REPUBLICANOS,DF,1055389.30
204533,Idilvan Alencar,PSB,CE,1052421.55
204520,Junio Amaral,PL,MG,1043792.64
74079,José Priante,MDB,PA,1029783.34
178946,Soraya Santos,PL,RJ,1011355.89
220653,Fábio Teruel,MDB,SP,1002795.95
220627,Paulinho Freire,UNIÃO,RN,1001582.51
141450,Hugo Leal,PSD,RJ,988477.54
74095,Pauderney Avelino,UNIÃO,AM,987902.04
220657,André Fernandes,PL,CE,982865.93
74075,Elcione Barbalho,MDB,PA,979383.67
204541,Eduardo Bismarck,PV,CE,979238.01
204489,Robério Monteiro,PSB,CE,970396.07
220549,Any Ortiz,PP,RS,962309.37
204362,Ricardo Guidi,PL,SC,958899.16
204450,Doutor Luizinho,PP,RJ,958624.79
133810,Marcelo Moraes,PL,RS,943422.84
220601,Washington Quaquá,PT,RJ,937018.98
220650,Paulo Alexandre Barbosa,PSD,SP,882331.44
220642,Delegado Bruno Lima,PODE,SP,878159.02
156190,Marcel van Hattem,NOVO,RS,877307.97
220593,Abilio Brunini,PL,MT,871819.53
204459,Daniela do Waguinho,REPUBLICANOS,RJ,871616.17
171623,Fabio Reis,PSD,SE,846350.22
92346,Eduardo Bolsonaro,PL,SP,839606.64
73806,Roseana Sarney,MDB,MA,833031.00
230768,Zé Adriano,PP,AC,822441.28
204361,Carlos Chiodini,MDB,SC,822098.50
213274,Ricardo Silva,PSD,SP,819263.29
73441,Celso Russomanno,REPUBLICANOS,SP,816484.74
225730,Enfermeira Ana Paula,PODE,CE,811752.19
178909,Hélio Leite,UNIÃO,PA,806307.68
141518,Paulinho da Força,SOLIDARIEDADE,SP,803518.92
227433,Douglas Viegas,UNIÃO,SP,801898.27
204387,Sargento Fahur,PL,PR,778722.99
222142,Coronel Telhada,PP,SP,765528.23
213762,Carla Dickson,PL,RN,764867.36
220673,Delegado Caveira,PL,PA,761983.53
178884,Hildo Rocha,MDB,MA,744337.84
74696,Alberto Mourão,MDB,SP,737490.97
230767,Rodrigo da Zaeli,PL,MT,727374.49
103758,Luciano Azevedo,PSD,RS,722353.16
74400,Paulo Pimenta,PT,RS,699467.48
204369,Caroline de Toni,PL,SC,697625.54
230957,João Cury,MDB,SP,692039.32
220596,Amália Barros,PL,MT,689194.99
227660,Nitinho,PSD,SE,685527.08
221329,Ricardo Abrão,PSDB,RJ,682925.29
160552,Danrlei de Deus Hinterholz,PSD,RS,682766.74
160545,Alexandre Leite,UNIÃO,SP,656581.04
116379,Darci de Matos,PSD,SC,651328.84
204553,Pastor Sargento Isidório,AVANTE,BA,631332.79
175765,Ribamar Silva,PODE,SP,618655.16
220571,Daniel Agrobom,PSD,GO,578967.63
204536,Kim Kataguiri,MISSÃO,SP,570361.19
229432,Luiz Fernando Vampiro,MDB,SC,564787.21
143942,Caio Vianna,PSD,RJ,544250.81
160541,Arthur Lira,PP,AL,543227.34
204448,Luiz Antonio Corrêa,PP,RJ,532010.74
204365,Gilson Marques,NOVO,SC,520234.25
230762,Pastor Claudio Mariano,UNIÃO,PA,511089.19
231911,Lenir de Assis,PT,PR,484733.80
204496,Celso Sabino,PDT,PA,481691.26
230765,Enfermeira Rejane,PCdoB,RJ,477668.94
73788,Ricardo Barros,PP,PR,477164.36
220634,Marcelo Lima,PSB,SP,452932.25
178831,André Abdon,PP,AP,443225.49
204476,Chiquinho Brazão,S.PART.,RJ,409324.52
233594,Rafael Fera,PODE,RO,408968.08
160561,Missionário José Olimpio,PL,SP,395736.93
178886,Juscelino Filho,PSDB,MA,387963.68
220614,Dr. Daniel Soranz,PSD,RJ,384248.87
143084,Tiago Dimas,PODE,TO,383777.89
160641,Professora Marcivania,PCdoB,AP,378351.06
204425,Silvio Costa Filho,REPUBLICANOS,PE,374148.07
227310,Silvio Antonio,PL,MA,364432.69
220698,Beto Preto,PSD,PR,353009.70
178962,Carlos Gomes,REPUBLICANOS,RS,333350.87
227991,Dr Flávio,PL,RJ,329156.50
154178,Milton Vieira,REPUBLICANOS,SP,316715.32
217480,Jones Moura,PSD,RJ,308231.92
141533,Rodrigo Rollemberg,PSB,DF,284492.33
229585,Elisangela Araujo,PT,BA,270131.28
128760,Paulo Marinho Jr,PL,MA,249619.70
204528,Adriana Ventura,NOVO,SP,247921.24
89536,Prof. Paulo Fernando,REPUBLICANOS,DF,246997.40
74065,Fatima Pelaes,REPUBLICANOS,AP,240537.04
73808,Sérgio Brito,PSD,BA,224281.08
182146,Wolmer Araújo,SOLIDARIEDADE,MA,205410.03
204522,Marco Bertaiolli,PSD,SP,204077.68
234788,Heloísa Helena,REDE,RJ,199489.47
115200,Raniery Paulino,REPUBLICANOS,PB,198107.21
178882,André Fufuca,PP,MA,197121.06
227401,Dr Fabio Rueda,UNIÃO,AC,196344.58
227275,Mariana Carvalho,REPUBLICANOS,MA,188355.18
229082,Lucyana Genésio,PDT,MA,188221.02
228616,Dr. Remy Soares,PP,MA,187671.30
68720,Fábio Henrique,UNIÃO,SE,186377.80
227323,Luciano Galego,PL,MA,185617.55
227324,Henrique Júnior,PL,MA,184239.21
234673,Vanderlan Alves,SOLIDARIEDADE,CE,184121.82
204376,Coronel Armando,PP,SC,181874.49
74052,Bosco Costa,PL,SE,181044.60
229225,Missionária Michele Collins,PP,PE,180903.67
220008,Eliza Virgínia,PP,PB,179732.24
122195,Leonardo Gadelha,PODE,PB,177945.54
229112,Pedro Jr,PL,TO,175492.24
229069,Capitão Samuel,PP,SE,174706.21
233218,Nelinho Freitas,MDB,CE,173089.99
229939,Newton Bonin,UNIÃO,PR,172069.17
226075,Priscila Costa,PL,CE,170230.05
230177,Tadeu Oliveira,PL,CE,169926.25
229333,Gláucia Santiago,PL,MG,166310.14
225727,Flavinha,MDB,MT,161654.52
129618,Gorete Pereira,MDB,CE,160407.34
223398,Ulisses Guimarães,MDB,MG,158398.59
234310,Ricardo Galvão,REDE,SP,156472.52
220705,Deltan Dallagnol,PODE,PR,156371.72
208297,Katia Dias,REPUBLICANOS,MG,152277.87
100689,Hildo do Candango,REPUBLICANOS,GO,149927.90
160621,Sandro Alex,PSD,PR,148763.07
227370,Felipe Saliba,PRD,MG,146797.99
228941,Daniel José,PODE,SP,144400.00
235088,Ribeiro Neto,SOLIDARIEDADE,MA,143072.67
178983,Marcio Alvino,PL,SP,137965.21
233598,Samuel Santos,PODE,GO,137787.62
178905,Fabio Garcia,UNIÃO,MT,137218.42
228797,Júlio Oliveira,PP,TO,136758.01
228837,Juliana Kolankiewicz,MDB,MT,131844.31
229106,Carla Ayres,PT,SC,129327.56
226410,Márcio Correa,MDB,GO,128836.37
230764,Ivan Junior,UNIÃO,MA,126968.00
77003,Sergio Santos Rodrigues,PODE,MG,120320.49
164360,Carmen Zanotto,CIDADANIA,SC,119532.90
226553,Eliane Braz,PSD,CE,114344.94
234406,Elmano Férrer,PP,PI,114099.77
234388,Fabiano Cazeca,PRD,MG,113065.75
160531,Jhonatan de Jesus,REPUBLICANOS,RR,109259.91
230088,Dra. Mayra Pinheiro,PL,CE,105982.73
160508,Afonso Florence,PT,BA,102734.88
132504,Enio Verri,PT,PR,102517.91
228272,Délio Pinheiro,PDT,MG,97742.25
234253,Lucas Abrahao,REDE,AP,84345.50
220715,Amom Mandel,REPUBLICANOS,AM,84094.30
233592,Paulo Lemos,PT,AP,83989.33
178832,Leandre,PSD,PR,82975.17
204514,Coronel Tadeu,PL,SP,82948.16
227800,Duarte Gonçalves Jr,REPUBLICANOS,MG,81944.51
234840,Cristiano Furlan,REDE,AP,80000.00
229259,Pedro Tourinho,PT,SP,78180.83
222565,Soldado Noelio,UNIÃO,CE,72171.34
204558,Marcelo Nilo,REPUBLICANOS,BA,71321.15
171139,Loreny,SOLIDARIEDADE,SP,64801.73
204531,Guilherme Derrite,PP,SP,64440.64
197438,Tito,AVANTE,BA,62682.18
178945,Rosangela Gomes,REPUBLICANOS,RJ,58184.20
204433,Marcelo Calero,PSD,RJ,53956.33
225386,Renan Ferreirinha,PSD,RJ,51059.62
204475,Ottaci Nascimento,SOLIDARIEDADE,RR,46184.63
204471,Mara Rocha,MDB,AC,45098.15
204352,Camilo Capiberibe,PSB,AP,44866.19
225846,Itamar Paim,PL,PR,44757.90
204434,Dra. Vanda Milani,PROS,AC,44524.22
178959,Hiran Gonçalves,PP,RR,44502.71
204555,José Ricardo,PT,AM,44286.36
108338,Jaqueline Cassol,PP,RO,44174.76
73943,Perpétua Almeida,PCdoB,AC,43775.78
178836,Alan Rick,UNIÃO,AC,43728.12
204548,Heitor Freire,UNIÃO,CE,43676.50
178920,Ricardo Teobaldo,PODE,PE,43367.43
204465,Haroldo Cathedral,PSD,RR,43341.15
178839,Jéssica Sales,MDB,AC,43104.91
204551,Bosco Saraiva,SOLIDARIEDADE,AM,42916.08
204561,Bira do Pindaré,PSB,MA,42785.18
141335,Beto Faro,PT,PA,42540.52
204562,Edilázio Júnior,PSD,MA,42480.49
204499,Cássio Andrade,PSB,PA,42440.50
74419,Gonzaga Patriota,PSB,PE,42303.95
204505,Vavá Martins,REPUBLICANOS,PA,41895.49
204500,Eduardo Costa,PSD,PA,41582.03
180018,Thiago Cartaxo,PODE,RN,41573.97
204421,Edna Henrique,REPUBLICANOS,PB,41512.60
204375,Leda Sadala,PP,AP,41374.29
204466,Tereza Nelma,PSD,AL,41354.31
160645,Luiz Carlos,PSDB,AP,41214.69
235776,Sérgio Turra,PP,RS,41157.15
204538,Paulo Bengtson,PTB,PA,40916.37
215044,Vivi Reis,PSOL,PA,40875.84
204435,Jesus Sérgio,PDT,AC,40803.92
178844,Pedro Vilela,PSDB,AL,40790.46
204363,Osires Damaso,PSC,TO,40661.32
141422,Efraim Filho,UNIÃO,PB,40574.88
204357,Rose Modesto,UNIÃO,MS,40543.52
204382,Loester Trutis,PL,MS,40435.39
178956,Mariana Carvalho,REPUBLICANOS,RO,40396.06
219920,Fabio Barros,PSB,PE,40332.39
204468,Joenia Wapichana,REDE,RR,40007.55
178889,Zé Carlos,PT,MA,39783.76
195866,Vaidon Oliveira,UNIÃO,CE,39629.73
204405,Liziane Bayer,REPUBLICANOS,RS,39613.28
141434,Flaviano Melo,MDB,AC,39584.26
194260,Nivaldo Albuquerque,REPUBLICANOS,AL,39529.49
178948,Beto Rosado,PP,RN,39437.90
204353,Aline Gurgel,UNIÃO,AP,39423.64
204437,Severino Pessoa,MDB,AL,39372.80
204370,Célio Moura,PT,TO,39282.47
204432,Marina Santos,REPUBLICANOS,PI,39142.62
112437,João Marcelo Souza,MDB,MA,39136.36
178921,Sebastião Oliveira,AVANTE,PE,39122.25
178924,Capitão Fábio Abreu,PSD,PI,38996.09
204554,Abílio Santana,PSC,BA,38569.44
204415,Nereu Crispim,PSD,RS,38477.51
204544,Alexandre Frota,PROS,SP,38364.06
204420,Julian Lemos,UNIÃO,PB,38151.95
141427,Fábio Ramalho,MDB,MG,38062.66
73772,Hermes Parcianello,MDB,PR,38054.64
204467,Professora Rosa Neide,PT,MT,37388.01
178863,Uldurico Junior,MDB,BA,37357.89
75431,Maurício Dziedricki,PODE,RS,37250.28
204418,Luizão Goulart,SOLIDARIEDADE,PR,37240.59
204575,Gil Cutrim,REPUBLICANOS,MA,37236.44
204477,Felício Laterça,PP,RJ,37116.43
204446,Professor Joziel,PATRIOTA,RJ,37043.38
204451,Delegado Antônio Furtado,UNIÃO,RJ,37009.82
178951,Rafael Motta,PSB,RN,36940.94
160511,Alessandro Molon,PSB,RJ,36692.57
90201,Pedro Augusto Bezerra,PDT,CE,36640.69
92172,Milton Coelho,PSB,PE,36488.12
235620,Ilacir Bicalho,REPUBLICANOS,MG,36404.00
74165,Neucimar Fraga,PP,ES,36372.35
204547,Léo Motta,REPUBLICANOS,MG,36230.12
74749,Mauro Lopes,PP,MG,36205.78
204542,Denis Bezerra,PSB,CE,36165.77
141372,Aelton Freitas,PP,MG,36020.28
204452,Márcio Labre,PL,RJ,35936.29
204509,Áurea Carolina,PSOL,MG,35760.47
204384,Ney Leprevost,UNIÃO,PR,35615.78
204440,Christino Aureo,PP,RJ,35532.88
74319,Paes Landim,UNIÃO,PI,35484.01
215045,Pedro Augusto Palareti,PP,RJ,35472.00
178825,Leo de Brito,PT,AC,35358.13
160619,José Nunes,PSD,BA,35298.07
141439,Chico D'Angelo,PDT,RJ,35209.67
177282,Subtenente Gonzaga,PSD,MG,35186.70
74693,Rodrigo Maia,PSDB,RJ,35172.42
204545,Alê Silva,REPUBLICANOS,MG,35123.97
178928,Christiane de Souza Yared,PP,PR,34735.04
141553,Vanderlei Macris,PSDB,SP,34686.33
178923,Zeca Cavalcanti,PTB,PE,34641.54
204510,Franco Cartafina,PP,MG,34570.70
204564,Igor Kannário,UNIÃO,BA,34123.53
178981,Herculano Passos,REPUBLICANOS,SP,34055.07
146307,Neri Geller,PP,MT,33815.54
152610,Roberto Alves,REPUBLICANOS,SP,33714.01
81297,Dra. Soraya Manato,PTB,ES,33455.53
215042,Ricardo da Karol,PDT,RJ,33408.64
178879,Lucas Vergilio,SOLIDARIEDADE,GO,32856.49
160639,Professora Dorinha Seabra Rezende,UNIÃO,TO,32687.92
178830,Dr. Sinval Malheiros,PODE,SP,32344.74
204392,Francisco Jr.,PSD,GO,32064.95
204483,Vilson da Fetaemg,PSB,MG,32051.50
204439,Dr. Leonardo,REPUBLICANOS,MT,31984.20
141405,Celso Maldaner,MDB,SC,31786.18
141401,Carlos Bezerra,MDB,MT,31779.80
204487,Capitão Wagner,UNIÃO,CE,31463.68
204442,Gurgel,PL,RJ,31291.74
160570,Jerônimo Goergen,PP,RS,31059.64
204428,Marília Arraes,SOLIDARIEDADE,PE,31014.75
204389,Elias Vaz,PSB,GO,30940.03
204576,João Roma,PL,BA,30724.62
235800,Jorge Araújo,PP,BA,30474.56
204383,Professor Israel Batista,PSB,DF,30312.11
164359,Delegado Waldir,UNIÃO,GO,30307.40
204556,Marcelo Ramos,PSD,AM,30242.57
146788,Marcelo Aro,PP,MG,30199.89
160528,Danilo Cabral,PSB,PE,30030.96
141513,Bilac Pinto,UNIÃO,MG,30001.70
221183,Márcio Dória,PCdoB,SE,29915.39
74439,Wolney Queiroz,PDT,PE,29906.42
204413,Alcides Rodrigues,PATRIOTA,GO,29700.28
178901,Tereza Cristina,PP,MS,29496.96
141417,Edio Lopes,PL,RR,29325.69
221157,Rui Godinho,UNIÃO,SC,29282.24
204011,Marcos Pacco,PODE,DF,29148.15
204490,Charlles Evangelista,PP,MG,28934.14
196358,Lourival Gomes,PP,RJ,28605.36
204502,Bozzella,UNIÃO,SP,28461.26
178990,Samuel Moreira,PSDB,SP,28421.77
204478,Vinicius Farah,UNIÃO,RJ,28002.04
74655,Eduardo Barbosa,PSDB,MG,27852.88
93083,Cacá Leão,PP,BA,27816.79
204371,Felipe Rigoni,UNIÃO,ES,27547.78
204438,Sergio Toledo,PV,AL,27542.37
74459,Átila Lira,PP,PI,27418.39
73460,Gustavo Fruet,PDT,PR,26948.33
168175,Simplício Araújo,SOLIDARIEDADE,MA,26825.37
221149,Elói Pietá,PT,SP,26277.37
178994,Dulce Miranda,MDB,TO,26134.99
133968,Paulo Ramos,PDT,RJ,25649.41
204386,Jose Mario Schreiner,MDB,GO,25626.65
74366,João Campos,REPUBLICANOS,GO,25270.42
205535,Patricia Ferraz,PL,AP,25186.27
74806,Tadeu Filippelli,MDB,DF,25000.85
73463,Osmar Serraglio,PP,PR,24842.04
178861,Ronaldo Carletto,PP,BA,24468.40
204546,Joice Hasselmann,PSDB,SP,23974.81
167614,Severino Ninho,PSB,PE,23834.49
135054,Cristiano Vale,PP,PA,23564.65
178977,Eduardo Cury,PSDB,SP,23423.69
204454,Daniel Silveira,PTB,RJ,23022.99
204529,Policial Katia Sastre,PL,SP,22865.58
204537,Enrico Misasi,MDB,SP,22458.45
221147,Marcia Scherer,MDB,RS,21956.14
228042,Naumi Amorim,PSD,CE,21742.69
178953,Expedito Netto,PSD,RO,21513.26
76874,Marcelo Freixo,PSB,RJ,21456.78
73482,Henrique Fontana,PT,RS,20523.03
204527,Geninho Zuliani,UNIÃO,SP,20350.74
133373,Marco Maia,PT,RS,20030.26
67138,Iracema Portella,PP,PI,19812.91
73586,Júlio Delgado,PV,MG,19723.49
160667,Guilherme Mussi,PP,SP,19424.31
73466,Rubens Bueno,CIDADANIA,PR,19414.71
178984,Miguel Haddad,PSDB,SP,18956.20
204516,Alexis Fonteyne,NOVO,SP,18772.47
204373,Hélio Costa,PSD,SC,18497.62
204532,Vinicius Poit,NOVO,SP,18473.66
160651,Rogério Peninha Mendonça,MDB,SC,17791.53
151208,Laercio Oliveira,PP,SE,17378.12
193726,Paulo Eduardo Martins,PL,PR,17125.02
204565,Professora Dayane Pimentel,UNIÃO,BA,16703.55
216198,Norma Pereira,PSDB,SC,16310.91
204403,Marlon Santos,PL,RS,16260.00
204523,Lucas Gonzalez,NOVO,MG,15594.58
204530,Rodrigo Agostinho,PSB,SP,15100.61
160589,Bruna Furlan,PSDB,SP,15047.98
204513,Guiga Peixoto,PSC,SP,14916.00
160534,Lauriete,PSC,ES,14770.10
204484,General Peternelli,UNIÃO,SP,14587.53
204359,Léo Moraes,PODE,RO,14314.03
204381,Luis Miranda,REPUBLICANOS,DF,13965.63
178961,Shéridan,PSDB,RR,13925.53
204414,Aroldo Martins,REPUBLICANOS,PR,13841.83
204569,Delegado Pablo,UNIÃO,AM,13651.59
151965,Maia Filho,PP,PI,13618.34
141523,Raul Henry,MDB,PE,13508.96
115746,Gelson Azevedo,PL,RJ,13239.48
178912,Pedro Cunha Lima,PSDB,PB,12914.39
204354,Flávia Arruda,PL,DF,12902.81
66179,Norma Ayub,PP,ES,12890.30
105534,Alexandre Figueiredo,PSD,SE,12479.93
204458,Major Fabiana,PL,RJ,12431.20
178939,Clarissa Garotinho,UNIÃO,RJ,12175.50
204521,Abou Anni,UNIÃO,SP,11420.90
235712,Vavá,AVANTE,MG,11275.31
204393,Frei Anastacio Ribeiro,PT,PB,10921.80
74352,Nilson Pinto,PSDB,PA,10870.87
204461,Paulo Ganime,NOVO,RJ,10459.03
73696,Angela Amin,PP,SC,10296.25
220637,Marina Silva,REDE,SP,10159.14
204519,Tiago Mitraud,NOVO,MG,9544.34
160669,Genecias Noronha,PL,CE,8882.05
160532,Eli Corrêa Filho,UNIÃO,SP,7973.10
178925,Rejane Dias,PT,PI,7127.28
141508,Mauro Nazif,PSB,RO,6611.48
160587,Fábio Trad,PSD,MS,5277.97
205548,David Miranda,PDT,RJ,5193.84
178935,Rossoni,PSDB,PR,5003.42
141488,Paulo Teixeira,PT,SP,4689.92
141379,Andreia Zito,PSD,RJ,4553.84
160655,Ricardo Izar,REPUBLICANOS,SP,3540.19
141428,Fábio Faria,PP,RN,1764.31
204400,Aline Sleutjes,PROS,PR,1727.31
179587,Major Vitor Hugo,PL,GO,1684.39
212625,Dr. Gonçalo,PODE,MA,1137.69
178922,Tadeu Alencar,PSB,PE,1061.10
74399,Onyx Lorenzoni,PL,RS,636.07
220643,Sônia Guajajara,PSOL,SP,523.95
74471,André de Paula,PSD,PE,122.55
211498,Renato Santana,PSD,DF,0.30
204503,Alexandre Padilha,PT,SP,0.21
220636,Luiz Marinho,PT,SP,0.18
204430,Margarete Coelho,PP,PI,0.10
204366,Rodrigo Coelho,PODE,SC,0.02
